{"branch_id":"67028110-1127-4171-9749-c05c5869428e","name":"Main","settings":{"physics":{"gravity":[0,-15,0]},"render":{"lightmapFilterRange":10,"fog_end":1000,"lightmapFilterEnabled":false,"ambientBake":false,"tonemapping":0,"lightingAreaLightsEnabled":false,"lightingShadowType":0,"ambientBakeOcclusionContrast":0,"skybox":null,"lightingCookieAtlasResolution":2048,"fog_density":0.01,"lightmapFilterSmoothness":0.2,"gamma_correction":1,"exposure":1,"lightingShadowsEnabled":true,"fog_start":1,"skyboxIntensity":1.15,"global_ambient":[0.2,0.2,0.2],"ambientBakeNumSamples":1,"fog_color":[0,0,0],"lightingCells":[10,3,10],"lightmapMode":1,"lightingCookiesEnabled":false,"clusteredLightingEnabled":true,"ambientBakeSpherePart":0.4,"fog":"none","ambientBakeOcclusionBrightness":0,"lightmapMaxResolution":2048,"lightingMaxLightsPerCell":255,"lightingShadowAtlasResolution":2048,"skyboxMip":0,"lightmapSizeMultiplier":16,"skyboxRotation":[0,0,0]}},"entities":{"! 3":{"$":"Root","%":null,"&":"! 3","'":{"S":{" ":true,"T":["pokiManager","saveManager","gameManager","levelGenerator","themeManager","pointerLock","fps"],"U":{"!m":{" ":true,"R":{"!>":"! !","!n":"109388554","!o":"!  ","!p":"! &","!b":112314126,"!q":"","!r":false,"!s":113828771}},"!t":{" ":false,"R":{}},"!u":{" ":true,"R":{"!v":110119420,"!b":112314126,"!w":110073659,"!x":111737007}},"!y":{" ":true,"R":{"!z":113301090,"!{":"! 4","!|":"! '","!}":"! ,","!~":"! 5"}},"# ":{" ":true,"R":{}},"#!":{" ":true,"R":{}},"##":{" ":true,"R":{"#$":"! -","#%":["! =","! >","! ?","! @"]}}}}},"(":[]," ":true,")":["! (","! A","! $"],"___2":0},"! (":{"$":"Setup","(":[]," ":true,"&":"! (","%":"! 3",")":["! #","! !","! .","! V"],"'":{},"!V":{"! (":"8f370c1a-4cad-4e80-8c2d-98e986b43f40","! .":"c7cab381-d673-4f15-97e9-acee8a08cda1","! B":"52aed704-1df9-4407-b3c7-fbffdc5a019a","! !":"9033a237-7f70-41c0-829b-e383beb0ecfc","! C":"b8692ebb-e0bd-43fc-a90b-288012723718","! '":"283ff905-f086-4041-89de-1ad52db43f14","! ,":"6cc6f76e-a2be-4b01-8d72-6fa2e55f315d","! 5":"72ac5784-a592-4baa-8f2a-87f1d0cf623d","! 4":"5a49d05a-a60f-448b-aab8-3b8111107eee","!  ":"7f9dfd44-52f8-4556-824a-ccf25be372a5","! D":"d846dcc2-5302-42b1-b67c-2ac5efe22579","! E":"3cf4d5b1-95e7-4210-a9fd-56ecb789db7c","! F":"d5c98587-4292-402b-9cf9-efa9c0e75c77","! G":"e02d7668-524f-443c-a57b-e2ba536cfe1e","! H":"0b689e7c-f4d1-4cad-808c-5ec223345d07","! I":"096936c9-f7c9-4a6d-aa26-fb08ae4bff23","! J":"80e0acbf-76bd-490d-880f-7566c8284619","! 6":"c73c0a0e-9e80-4d1a-a976-811d9f5b9200","! &":"bf8a5dee-d9d9-4796-b0c4-72e499b3ad77","! /":"e90abb1f-9d93-403b-a3f7-989399de46df","! 0":"b7033097-06f9-4e4f-9a42-ff7ed3ceed8a","! 7":"5fb73757-4ee7-4542-8707-907437f155cf","#&":"f56f09d7-d2d3-4599-af28-3745f7b2363d","#'":"b862f246-8334-468e-a801-d7054c4e1695","#(":"22b1bc71-cf80-4a12-8c6e-697a3f2fef13","#)":"fb974ff5-7148-4f8b-9a66-5b329afc2c62","#*":"84a3636f-5e07-4a34-9e9b-0ad042f01915","#+":"e5c26ea0-a1d5-469f-9459-d7c7ccc27972","#,":"195b1a56-d34c-4caa-b6cf-bfd394cc970f","#-":"f9ab9f8e-800a-43fb-bacf-b7659c013a9a","#.":"113eaf49-ca11-475a-844c-30b69b304fa7","#/":"e0131a7b-124e-4f65-812d-1305f1fcfa5c","#0":"91e9ab33-1082-4019-a0e9-a32e01d946a4","#1":"87f0a774-639c-4b68-b6c8-be2099ff7240","! K":"b67e1bfc-9339-4ee3-91d6-e05b19b497db","! 8":"4a1e190a-230e-4672-8a00-f9db57cdcb6d","#2":"5107de02-1013-4bf3-8649-a6457d956bed","#3":"b01d53e5-b02a-4a58-a490-2df98c314304","#4":"ae0beb4b-da37-4f50-a155-cbdb9d1a0fd7","#5":"6dd5c594-ec98-45a6-859d-0f42616419b0","#6":"2f2387b4-9680-463f-94b2-173e017f3ee2","#7":"f56124d4-b443-4a9d-8032-df3fe1134ab8","#8":"8efff624-a583-4797-afec-7dcc3287dab0","#9":"55cb9c83-4fc9-4a63-abc6-13a655cc29a0","! 9":"91be0627-9e01-46ba-944e-f591d0422bfe","#:":"2ab731cf-8492-4f20-856b-cc19eb15e865","#;":"a293edfc-88b2-407c-a603-ac1052b190f2","#<":"f9f11c3e-f176-4cdd-9733-dc2cf0f43ba8","#=":"dd43e0e1-94ac-4983-a807-c082db4a1352","#>":"9c4a93a4-6962-43ec-805d-0b0476e0366c","! -":"1a4f7d34-5189-42f6-9e85-d994875d982a","! #":"ecfd96f6-53b0-49c3-8fd6-71e327137d53","! )":"56e47249-40b5-44b4-a779-caed931be548","! 1":"2225b99c-f04e-417d-b472-87665360bc75","! L":"ee58ea57-a224-454d-836a-827ed89766d6","! M":"3c8c9f96-5c23-402b-a02c-0f802e3e42bd"},"!W":109487443,"___2":0},"! .":{"$":"EffectScreen","(":[]," ":true,"&":"! .","%":"! (",")":["! B","! 8"],"'":{"S":{" ":true,"T":["setToscreenSize"],"U":{"#?":{" ":true,"R":{}}}},"!?":{" ":true,"V":true,"!@":"blend","!A":1,"!B":[1280,720],"!C":[428,655],"Z":0}},"___1":[24,0,3]},"! B":{"$":"Shadow","(":["shadow"]," ":true,"&":"! B","%":"! .",")":[],"'":{"3":{"0":655,"1":null,"2":[0,0,1,1],"4":[0,0,1,1],"5":[0.5,0.5],"6":"","7":null,"8":null,"9":32," ":true,"!":"image",":":8,";":32,"<":false,"=":false,">":null,"?":32,"@":true,"A":1,",":[0,0,0],"-":0.559,"B":null,".":null,"C":0,"D":null,"/":1164.44444,"E":[0,0,0,0],"F":[0.5,0.5],"G":[0,0,0,1],"H":0,"I":[0,0,0,1],"J":[0,0],"K":null,"L":false,"M":false,"N":"stretch","O":false,"P":false,"+":[1004],"Q":false}},"___1":[9,0,3]},"! !":{"$":"Camera","(":[]," ":true,"&":"! !","%":"! (",")":["! C","! K","! 6","! '","!  ","! -"],"'":{"!>":{"2":[0,0,1,1]," ":true,"!X":true,"!Y":[0.36863,0.58824,0.70588,0],"!Z":true,"![":1,"!]":45,"!^":true,"!_":25,"!`":0.1,"!a":1000,"Z":0.3,"+":[0,1,2,3,4,1000,1001,1002,1003,1004,1006,1008]},"S":{" ":true,"T":["cameraManager"],"U":{"#@":{" ":true,"R":{"#A":null,"[":10,"#B":6.58,"#C":18.39,"#D":7.04,"#E":"! 9","#F":"! 8","#G":10,"#H":"","#I":[0,0],"#J":[0,0],"#K":[1,1]}}}}},"___1":[27,0,3]},"! C":{"$":"Shadow Camera","(":[]," ":true,"&":"! C","%":"! !",")":[],"'":{"!>":{"2":[0,0,1,1]," ":true,"!X":true,"!Y":[0.87451,0.18039,0.18039,0],"!Z":true,"![":1,"!]":45,"!^":true,"!_":25.62,"!`":0.1,"!a":1000,"Z":0,"+":[0,1001,1002,1003,1006,4]},"S":{" ":true,"T":["renderCameraToelement"],"U":{"!c":{" ":true,"R":{"!d":["shadow"],"!e":[2048,2048],"!f":false,"!g":[0,0],"!h":false}}}}},"___1":[30,0,3]},"! '":{"$":"Background","(":[]," ":true,"&":"! '","%":"! !",")":["! ,","! 4","! 9"],"'":{},"___1":[33,0,3]},"! ,":{"$":"Gradient","(":[]," ":true,"&":"! ,","%":"! '",")":["! 5"],"'":{"!7":{"0":2,"1":null," ":true,"!":"simple","/":143.12,",":[0.44706,0.78431,0.60392],"-":1,"!8":false,"!9":false,".":106493784,"!:":0,"[":1,"+":[1000],"!;":9.99,"!<":null,"!=":{}}},"___1":[36,39,42]},"! 5":{"$":"Square","(":[]," ":true,"&":"! 5","%":"! ,",")":[],"'":{"!7":{"0":21.54,"1":null," ":true,"!":"simple","/":204.4,",":[0.44706,0.78431,0.60392],"-":1,"!8":false,"!9":false,".":108086789,"!:":0,"[":1,"+":[1000],"!;":0,"!<":null,"!=":{}}},"___1":[45,0,3]},"! 4":{"$":"Pattern","(":[]," ":true,"&":"! 4","%":"! '",")":[],"'":{"!7":{"0":77.43,"1":null," ":true,"!":"simple","/":338.18,",":[0.44706,0.78431,0.60392],"-":0.377,"!8":false,"!9":false,".":108086689,"!:":0,"[":1,"+":[1000],"!;":7.13,"!<":null,"!=":{}},"S":{" ":true,"T":["parallax"],"U":{"#L":{" ":true,"R":{"#M":0.1,"#N":0.1}}}}},"___1":[48,51,54]},"!  ":{"$":"Win Particles","(":[]," ":true,"&":"!  ","%":"! !",")":["! D","! E","! F","! G","! H","! I","! J"],"'":{},"___1":[57,0,3]},"! D":{"$":"Particle System","(":[]," ":true,"&":"! D","%":"!  ",")":[],"'":{"]":{" ":true,"^":false,"_":7,"`":5,"a":0,"b":0,"c":-360,"d":360,"e":false,"f":false,"g":false,"h":false,"i":1,"j":false,"k":0,"l":0,"m":2,"n":0,"o":false,"p":1,"q":[0,0,0],"r":[0,0,0],"s":0,"t":[1,1,42.25],"u":0.54,"v":0.06,"w":0,"x":1,"y":1,"z":0,"{":1,"|":1,"}":0,"~":false,"! ":1,"!!":true,"!#":false,"!$":[18.28,0,0],"!%":109766511,"!&":null,"!'":null,"!(":null,"!)":true,"V":false,"!*":{"!":1,"#":[[0,130,0.305,0],[0,100,0.3,-5,0.4,-5],[0,0]],"*":true},"!+":{"!":1,"#":[[0,0],[0,0],[0,0]]},"!,":{"!":1,"#":[[0.4,0],[0.4,0],[0,0]],"*":true},"!-":{"!":1,"#":[[0,0.3],[0,0.3],[0,0]]},"!.":{"!":1,"#":[0.00233,-131.175],"*":true},"!/":{"!":1,"#":[0,131.175]},"!0":{"!":1,"#":[0,0],"*":true},"!1":{"!":1,"#":[0,0]},"!2":{"!":1,"#":[0,0.1],"*":true},"!3":{"!":1,"#":[0,0.05]},"!4":{"!":4,"#":[[0.07205,1],[0.07205,0.84314],[0.07205,0.11765]],"*":false},"!5":{"!":1,"#":[0,1],"*":false},"!6":{"!":1,"#":[0,1]},"+":[4]}},"___1":[60,0,6]},"! E":{"$":"Particle System","(":[]," ":true,"&":"! E","%":"!  ",")":[],"'":{"]":{" ":true,"^":false,"_":7,"`":5,"a":0,"b":0,"c":-360,"d":360,"e":false,"f":false,"g":false,"h":false,"i":1,"j":false,"k":0,"l":0,"m":2,"n":0,"o":false,"p":1,"q":[0,0,0],"r":[0,0,0],"s":0,"t":[1,1,42.25],"u":0.54,"v":0.06,"w":0,"x":1,"y":1,"z":0,"{":1,"|":1,"}":0,"~":false,"! ":1,"!!":true,"!#":false,"!$":[18.28,0,0],"!%":109766511,"!&":null,"!'":null,"!(":null,"!)":true,"V":false,"!*":{"!":1,"#":[[0,130,0.305,0],[0,100,0.3,-5,0.4,-5],[0,0]],"*":true},"!+":{"!":1,"#":[[0,0],[0,0],[0,0]]},"!,":{"!":1,"#":[[0.4,0],[0.4,0],[0,0]],"*":true},"!-":{"!":1,"#":[[0,0.3],[0,0.3],[0,0]]},"!.":{"!":1,"#":[0.00233,-131.175],"*":true},"!/":{"!":1,"#":[0,131.175]},"!0":{"!":1,"#":[0,0],"*":true},"!1":{"!":1,"#":[0,0]},"!2":{"!":1,"#":[0,0.1],"*":true},"!3":{"!":1,"#":[0,0.05]},"!4":{"!":4,"#":[[0.07205,1],[0.07205,0.56078],[0.07205,0.75294]],"*":false},"!5":{"!":1,"#":[0,1],"*":false},"!6":{"!":1,"#":[0,1]},"+":[4]}},"___1":[63,0,6]},"! F":{"$":"Particle System","(":[]," ":true,"&":"! F","%":"!  ",")":[],"'":{"]":{" ":true,"^":false,"_":7,"`":5,"a":0,"b":0,"c":-360,"d":360,"e":false,"f":false,"g":false,"h":false,"i":1,"j":false,"k":0,"l":0,"m":2,"n":0,"o":false,"p":1,"q":[0,0,0],"r":[0,0,0],"s":0,"t":[1,1,42.25],"u":0.54,"v":0.06,"w":0,"x":1,"y":1,"z":0,"{":1,"|":1,"}":0,"~":false,"! ":1,"!!":true,"!#":false,"!$":[18.28,0,0],"!%":109766511,"!&":null,"!'":null,"!(":null,"!)":true,"V":false,"!*":{"!":1,"#":[[0,130,0.305,0],[0,100,0.3,-5,0.4,-5],[0,0]],"*":true},"!+":{"!":1,"#":[[0,0],[0,0],[0,0]]},"!,":{"!":1,"#":[[0.4,0],[0.4,0],[0,0]],"*":true},"!-":{"!":1,"#":[[0,0.3],[0,0.3],[0,0]]},"!.":{"!":1,"#":[0.00233,-131.175],"*":true},"!/":{"!":1,"#":[0,131.175]},"!0":{"!":1,"#":[0,0],"*":true},"!1":{"!":1,"#":[0,0]},"!2":{"!":1,"#":[0,0.1],"*":true},"!3":{"!":1,"#":[0,0.05]},"!4":{"!":4,"#":[[0.02187,0],[0.02187,1],[0.02187,0.61176]],"*":false},"!5":{"!":1,"#":[0,1],"*":false},"!6":{"!":1,"#":[0,1]},"+":[4]}},"___1":[66,0,6]},"! G":{"$":"Particle System","(":[]," ":true,"&":"! G","%":"!  ",")":[],"'":{"]":{" ":true,"^":false,"_":7,"`":5,"a":0,"b":0,"c":-360,"d":360,"e":false,"f":false,"g":false,"h":false,"i":1,"j":false,"k":0,"l":0,"m":2,"n":0,"o":false,"p":1,"q":[0,0,0],"r":[0,0,0],"s":0,"t":[1,1,42.25],"u":0.54,"v":0.06,"w":0,"x":1,"y":1,"z":0,"{":1,"|":1,"}":0,"~":false,"! ":1,"!!":true,"!#":false,"!$":[18.28,0,0],"!%":109766511,"!&":null,"!'":null,"!(":null,"!)":true,"V":false,"!*":{"!":1,"#":[[0,130,0.305,0],[0,100,0.3,-5,0.4,-5],[0,0]],"*":true},"!+":{"!":1,"#":[[0,0],[0,0],[0,0]]},"!,":{"!":1,"#":[[0.4,0],[0.4,0],[0,0]],"*":true},"!-":{"!":1,"#":[[0,0.3],[0,0.3],[0,0]]},"!.":{"!":1,"#":[0.00233,-131.175],"*":true},"!/":{"!":1,"#":[0,131.175]},"!0":{"!":1,"#":[0,0],"*":true},"!1":{"!":1,"#":[0,0]},"!2":{"!":1,"#":[0,0.1],"*":true},"!3":{"!":1,"#":[0,0.05]},"!4":{"!":4,"#":[[0.07205,0.5451],[0.07205,0.31373],[0.07205,0.91373]],"*":false},"!5":{"!":1,"#":[0,1],"*":false},"!6":{"!":1,"#":[0,1]},"+":[4]}},"___1":[69,0,6]},"! H":{"$":"Particle System","(":[]," ":true,"&":"! H","%":"!  ",")":[],"'":{"]":{" ":true,"^":false,"_":7,"`":5,"a":0,"b":0,"c":-360,"d":360,"e":false,"f":false,"g":false,"h":false,"i":1,"j":false,"k":0,"l":0,"m":2,"n":0,"o":false,"p":1,"q":[0,0,0],"r":[0,0,0],"s":0,"t":[1,1,42.25],"u":0.54,"v":0.06,"w":0,"x":1,"y":1,"z":0,"{":1,"|":1,"}":0,"~":false,"! ":1,"!!":true,"!#":false,"!$":[18.28,0,0],"!%":109766511,"!&":null,"!'":null,"!(":null,"!)":true,"V":false,"!*":{"!":1,"#":[[0,130,0.305,0],[0,100,0.3,-5,0.4,-5],[0,0]],"*":true},"!+":{"!":1,"#":[[0,0],[0,0],[0,0]]},"!,":{"!":1,"#":[[0.4,0],[0.4,0],[0,0]],"*":true},"!-":{"!":1,"#":[[0,0.3],[0,0.3],[0,0]]},"!.":{"!":1,"#":[0.00233,-131.175],"*":true},"!/":{"!":1,"#":[0,131.175]},"!0":{"!":1,"#":[0,0],"*":true},"!1":{"!":1,"#":[0,0]},"!2":{"!":1,"#":[0,0.1],"*":true},"!3":{"!":1,"#":[0,0.05]},"!4":{"!":4,"#":[[0.07205,0.88627],[0.07205,0.20784],[0.07205,0]],"*":false},"!5":{"!":1,"#":[0,1],"*":false},"!6":{"!":1,"#":[0,1]},"+":[4]}},"___1":[72,0,6]},"! I":{"$":"Particle System","(":[]," ":true,"&":"! I","%":"!  ",")":[],"'":{"]":{" ":true,"^":false,"_":7,"`":5,"a":0,"b":0,"c":-360,"d":360,"e":false,"f":false,"g":false,"h":false,"i":1,"j":false,"k":0,"l":0,"m":2,"n":0,"o":false,"p":1,"q":[0,0,0],"r":[0,0,0],"s":0,"t":[1,1,42.25],"u":0.54,"v":0.06,"w":0,"x":1,"y":1,"z":0,"{":1,"|":1,"}":0,"~":false,"! ":1,"!!":true,"!#":false,"!$":[18.28,0,0],"!%":109766511,"!&":null,"!'":null,"!(":null,"!)":true,"V":false,"!*":{"!":1,"#":[[0,130,0.305,0],[0,100,0.3,-5,0.4,-5],[0,0]],"*":true},"!+":{"!":1,"#":[[0,0],[0,0],[0,0]]},"!,":{"!":1,"#":[[0.4,0],[0.4,0],[0,0]],"*":true},"!-":{"!":1,"#":[[0,0.3],[0,0.3],[0,0]]},"!.":{"!":1,"#":[0.00233,-131.175],"*":true},"!/":{"!":1,"#":[0,131.175]},"!0":{"!":1,"#":[0,0],"*":true},"!1":{"!":1,"#":[0,0]},"!2":{"!":1,"#":[0,0.1],"*":true},"!3":{"!":1,"#":[0,0.05]},"!4":{"!":4,"#":[[0.07205,1],[0.07205,0.49804],[0.07205,0]],"*":false},"!5":{"!":1,"#":[0,1],"*":false},"!6":{"!":1,"#":[0,1]},"+":[4]}},"___1":[75,0,6]},"! J":{"$":"Particle System","(":[]," ":true,"&":"! J","%":"!  ",")":[],"'":{"]":{" ":true,"^":false,"_":7,"`":5,"a":0,"b":0,"c":-360,"d":360,"e":false,"f":false,"g":false,"h":false,"i":1,"j":false,"k":0,"l":0,"m":2,"n":0,"o":false,"p":1,"q":[0,0,0],"r":[0,0,0],"s":0,"t":[1,1,42.25],"u":0.54,"v":0.06,"w":0,"x":1,"y":1,"z":0,"{":1,"|":1,"}":0,"~":false,"! ":1,"!!":true,"!#":false,"!$":[18.28,0,0],"!%":109766511,"!&":null,"!'":null,"!(":null,"!)":true,"V":false,"!*":{"!":1,"#":[[0,130,0.305,0],[0,100,0.3,-5,0.4,-5],[0,0]],"*":true},"!+":{"!":1,"#":[[0,0],[0,0],[0,0]]},"!,":{"!":1,"#":[[0.4,0],[0.4,0],[0,0]],"*":true},"!-":{"!":1,"#":[[0,0.3],[0,0.3],[0,0]]},"!.":{"!":1,"#":[0.00233,-131.175],"*":true},"!/":{"!":1,"#":[0,131.175]},"!0":{"!":1,"#":[0,0],"*":true},"!1":{"!":1,"#":[0,0]},"!2":{"!":1,"#":[0,0.1],"*":true},"!3":{"!":1,"#":[0,0.05]},"!4":{"!":4,"#":[[0.07205,0.43922],[0.07205,0.98039],[0.07205,1]],"*":false},"!5":{"!":1,"#":[0,1],"*":false},"!6":{"!":1,"#":[0,1]},"+":[4]}},"___1":[78,0,6]},"! 6":{"$":"WorldUI","(":[]," ":true,"&":"! 6","%":"! !",")":["! &"],"'":{"!?":{" ":true,"V":false,"!@":"blend","!A":1,"!B":[1280,720],"!C":[1031,580],"Z":0},"S":{" ":true,"T":[],"U":{}}},"___1":[81,0,3]},"! V":{"$":"Playground","(":[]," ":true,"&":"! V","%":"! (",")":[],"'":{},"___2":0},"! A":{"$":"Level","(":[]," ":true,"&":"! A","%":"! 3",")":["! W"],"'":{},"___2":0},"! W":{"$":"LevelHolder","(":[]," ":true,"&":"! W","%":"! A",")":[],"'":{},"___2":0},"! &":{"$":"LevelCleared","(":[]," ":false,"&":"! &","%":"! 6",")":["! /","! 0"],"'":{"3":{"0":32,"1":null,"2":[0,0,1,1],"4":[0.5,0.5,0.5,0.5],"5":[0.5,0.5],"6":"","7":null,"8":108095849,"9":32," ":true,"!":"group",":":8,";":32,"<":false,"=":false,">":null,"?":32,"@":true,"A":1,",":[1,1,1],"-":1,"B":null,".":null,"C":0,"D":null,"/":32,"E":[-16,-10.485,-16,-21.515],"F":[0.5,0.5],"G":[0,0,0,1],"H":0,"I":[0,0,0,1],"J":[0,0],"K":null,"L":false,"M":false,"N":"stretch","O":false,"P":false,"+":[4],"Q":false},"S":{" ":true,"T":["uiscaling"],"U":{"W":{" ":true,"R":{"X":0.8,"Y":0.4}}}}},"!V":{"! &":"16841bd5-3db3-4387-8d2b-cfc7b235ae51","! /":"6b085db7-fdac-4a61-962f-df8073558763","! 0":"dd02654d-6af6-42ca-81e9-69364c0fa0f7","! 7":"63e57699-008c-47ae-9f38-de1568bb6cd1"},"!W":112489847,"___1":[84,0,87]},"! /":{"$":"LevelCleared","(":[]," ":true,"&":"! /","%":"! &",")":[],"'":{"3":{"0":120,"1":null,"2":[0,0,1,1],"4":[0.5,0.5,0.5,0.5],"5":[0.5,0.5],"6":"","7":null,"8":87340619,"9":32," ":true,"!":"image",":":8,";":32,"<":false,"=":false,">":null,"?":32,"@":true,"A":1,",":[1,0.87059,0.30588],"-":1,"B":109878531,".":null,"C":32,"D":null,"/":1213,"E":[-606.689,-58.24,-606.311,-61.76],"F":[0.5,0.5],"G":[0,0,0,1],"H":0,"I":[0,0,0,1],"J":[0,0],"K":null,"L":false,"M":false,"N":"stretch","O":false,"P":false,"+":[4],"Q":false}},"___1":[90,0,93]},"! 0":{"$":"MaskRound","(":[]," ":true,"&":"! 0","%":"! &",")":["! 7"],"'":{"3":{"0":221.18,"1":null,"2":[0,0,1,1],"4":[0.7175,0.5,0.7175,0.5],"5":[0.5,0.5],"6":"","7":null,"8":87340619,"9":32," ":true,"!":"image",":":8,";":32,"<":false,"=":false,">":null,"?":32,"@":true,"A":1,",":[1,1,1],"-":1,"B":108086787,".":null,"C":0,"D":null,"/":60.77,"E":[-68.541,-108.83,7.771,-112.35],"F":[0.5,0.5],"G":[0,0,0,1],"H":0,"I":[0,0,0,1],"J":[0,0],"K":null,"L":false,"M":false,"N":"stretch","O":false,"P":true,"+":[4],"Q":false},"S":{" ":true,"T":["maskTransform"],"U":{"#O":{" ":true,"R":{"#P":"! /"}}}}},"___1":[96,99,102]},"! 7":{"$":"PowerUpIcon","(":[]," ":true,"&":"! 7","%":"! 0",")":[],"'":{"3":{"0":120,"1":null,"2":[0,0,1,1],"4":[0.5,0.5,0.5,0.5],"5":[0.5,0.5],"6":"","7":null,"8":87340619,"9":32," ":true,"!":"image",":":8,";":32,"<":false,"=":false,">":null,"?":32,"@":true,"A":1,",":[1,1,1],"-":1,"B":109878531,".":null,"C":32,"D":null,"/":1213,"E":[-639.27197,-74.62601,-573.72803,-45.37399],"F":[0.5,0.5],"G":[0,0,0,1],"H":0,"I":[0,0,0,1],"J":[0,0],"K":null,"L":false,"M":false,"N":"stretch","O":false,"P":false,"+":[4],"Q":false}},"___1":[105,108,3]},"! K":{"$":"Sausage Camera","(":[]," ":true,"&":"! K","%":"! !",")":[],"'":{"!>":{"2":[0,0,1,1]," ":true,"!X":true,"!Y":[0.87451,0.18039,0.18039,0],"!Z":true,"#Q":false,"#R":false,"![":1,"!]":45,"!^":true,"!_":25.62,"!`":0.1,"!a":1000,"Z":0,"+":[1007]},"S":{" ":true,"T":["renderCameraToelement"],"U":{"!c":{" ":true,"R":{"!d":["sausage"],"!e":[2048,2048],"!f":false,"!g":[0,0],"!h":false}}}}},"___2":0},"! 8":{"$":"Sausage","(":["sausage"]," ":true,"&":"! 8","%":"! .",")":[],"'":{"3":{"0":655,"1":null,"2":[0,0,1,1],"4":[0,0,1,1],"5":[0.5,0.5],"6":"","7":null,"8":null,"9":32," ":true,"!":"image",":":8,";":32,"<":false,"=":false,">":null,"?":32,"@":true,"A":1,",":[1,1,1],"-":0,"B":null,".":null,"C":0,"D":null,"/":1164.444,"E":[0,0,0,0],"F":[0.5,0.5],"G":[0,0,0,1],"H":0,"I":[0,0,0,1],"J":[0,0],"K":null,"L":false,"M":false,"N":"stretch","O":false,"P":false,"+":[1004],"Q":false}},"___1":[9,0,3]},"! -":{"$":"Pointer","(":[]," ":true,"&":"! -","%":"! !",")":["! X"],"'":{"!7":{"0":1,"1":null," ":true,"!":"simple","/":1,",":[1,1,1],"-":0.683,"!8":false,"!9":false,".":105905525,"!:":0,"[":1,"+":[1008],"!;":50000,"!<":null,"!=":{}}},"___1":[111,0,114]},"! #":{"$":"ScreenSpace","(":[]," ":true,"&":"! #","%":"! (",")":["! )","! Y","! =","! >","! ?","! @"],"'":{"!?":{" ":true,"V":true,"!@":"blend","!A":0.5,"!B":[1280,720],"!C":[1031,580],"Z":0},"S":{" ":true,"T":["skinsButton"],"U":{"!i":{" ":true,"R":{"!i":"! )"}}}}},"___2":0},"! )":{"$":"ShopButton","(":[]," ":false,"&":"! )","%":"! #",")":["! 1","! M"],"'":{"3":{"0":5.221,"1":null,"2":[0,0,1,1],"4":[1,0.26112,1,0.26112],"5":[1,0.5],"6":"","7":null,"8":108095849,"9":32," ":true,"!":"group",":":8,";":32,"<":false,"=":false,">":null,"?":32,"@":true,"A":1,",":[1,1,1],"-":1,"B":null,".":null,"C":0,"D":null,"/":-12.373,"E":[152.373,4.455,-140,-2.135],"F":[0.5,0.5],"G":[0,0,0,1],"H":0,"I":[0,0,0,1],"J":[0,0],"K":null,"L":false,"M":false,"N":"stretch","O":false,"P":false,"+":[4],"Q":false},"S":{" ":true,"T":["uiscaling"],"U":{"W":{" ":false,"R":{"X":1,"Y":0.3}}}}},"___1":[117,0,120]},"! 1":{"$":"Button","(":[]," ":true,"&":"! 1","%":"! )",")":["! L"],"'":{"3":{"0":44.75,"1":null,"2":[0,0,1,1],"4":[1,0.5,1,0.5],"5":[1,0.5],"6":"","7":null,"8":108095849,"9":32," ":true,"!":"image",":":8,";":32,"<":false,"=":false,">":null,"?":32,"@":true,"A":1,",":[1,1,1],"-":1,"B":null,".":106813227,"C":0,"D":2.43,"/":76.91,"E":[-76.91,-22.375,0,-22.375],"F":[0.5,0.5],"G":[0,0,0,1],"H":0,"I":[0,0,0,1],"J":[0,0],"K":null,"L":false,"M":false,"N":"stretch","O":true,"P":false,"+":[4],"Q":false},"!D":{" ":true,"!E":true,"!F":"! 1","!G":[0,0,0,0],"!H":0,"!I":[1,1,1,1],"!J":[1,1,1,1],"!K":[1,1,1,1],"!L":0,"!M":null,"!N":0,"!O":null,"!P":0,"!Q":null,"!R":0,"!S":null,"!T":null,"!U":null},"S":{" ":true,"T":["loadSceneOnButtonClick"],"U":{"!j":{" ":true,"R":{"!k":"Shop"}}}}},"___1":[0,0,12]},"! L":{"$":"Image","(":[]," ":true,"&":"! L","%":"! 1",")":[],"'":{"3":{"0":128,"1":null,"2":[0,0,1,1],"4":[0.5,0.5,0.5,0.5],"5":[0.5,0.5],"6":"","7":null,"8":108095849,"9":32," ":true,"!":"image",":":8,";":32,"<":false,"=":false,">":null,"?":32,"@":true,"A":1,",":[0.36863,0.58824,0.70588],"-":1,"B":113274540,".":null,"C":0,"D":null,"/":128,"E":[-77.275,-64,-50.725,-64],"F":[0.5,0.5],"G":[0,0,0,1],"H":0,"I":[0,0,0,1],"J":[0,0],"K":null,"L":false,"M":false,"N":"stretch","O":false,"P":false,"+":[4],"Q":false}},"___1":[123,0,126]},"! M":{"$":"PlayText","(":[]," ":true,"&":"! M","%":"! )",")":[],"'":{"3":{"0":-33.95,"1":null,"2":[0,0,1,1],"4":[1,0,1,1],"5":[0.5,0.5],"6":"Skins","7":null,"8":108095849,"9":32," ":true,"!":"text",":":25.1,";":28.97,"<":true,"=":true,">":null,"?":32,"@":true,"A":1,",":[1,1,1],"-":1,"B":null,".":null,"C":0,"D":null,"/":169.65,"E":[-149.283,56.006,-20.367,-22.056],"F":[0.5,0.5],"G":[0,0,0,1],"H":0,"I":[0,0,0,1],"J":[0,0],"K":null,"L":false,"M":false,"N":"stretch","O":false,"P":false,"+":[4],"Q":false}},"___1":[129,0,3]},"! 9":{"$":"Flash","(":[]," ":true,"&":"! 9","%":"! '",")":[],"'":{"!7":{"0":1,"1":null," ":true,"!":"simple","/":1,",":[1,1,1],"-":0,"!8":false,"!9":false,".":112497032,"!:":0,"[":1,"+":[1000],"!;":10.99,"!<":null,"!=":{}},"S":{" ":true,"T":[],"U":{}}},"___1":[0,0,132]},"! Y":{"$":"Disable adblock","(":[]," ":true,"&":"! Y","%":"! #",")":[],"'":{"3":{"0":384.442,"1":null,"2":[0,0,1,1],"4":[0.5,0.84511,0.5,1],"5":[0.5,1],"6":"Disable adblock","7":null,"8":108095849,"9":54.01," ":true,"!":"text",":":8,";":32,"<":false,"=":false,">":null,"?":48,"@":true,"A":1,",":[0.62353,0,0],"-":0,"B":null,".":null,"C":0,"D":null,"/":678.723,"E":[-320.785,-183.091,-320.785,-111.518],"F":[0.5,0.5],"G":[0,0,0,1],"H":0,"I":[0,0,0,1],"J":[0,0],"K":null,"L":false,"M":false,"N":"stretch","O":false,"P":false,"+":[1008],"Q":false},"S":{" ":true,"T":["disableAd"],"U":{"#S":{" ":true,"R":{}}}}},"___1":[135,0,3]},"! ?":{"$":"BorderWarningBottom","(":[]," ":true,"&":"! ?","%":"! #",")":[],"'":{"3":{"0":169.099,"1":null,"2":[0,0,1,1],"4":[0,0,1,0],"5":[0.5,0],"6":"","7":null,"8":108095849,"9":32," ":true,"!":"image",":":8,";":32,"<":false,"=":false,">":null,"?":32,"@":true,"A":1,",":[1,1,1],"-":0,"B":null,".":106493784,"C":0,"D":null,"/":1155.056,"E":[-61.999,0,-62.001,-124],"F":[0.5,0.5],"G":[0,0,0,1],"H":0,"I":[0,0,0,1],"J":[0,0],"K":null,"L":false,"M":false,"N":"stretch","O":false,"P":false,"+":[4],"Q":false}},"___1":[15,0,138]},"! =":{"$":"BorderWarningTop","(":[]," ":true,"&":"! =","%":"! #",")":[],"'":{"3":{"0":190.121,"1":null,"2":[0,0,1,1],"4":[0,1,1,1],"5":[0.5,0],"6":"","7":null,"8":108095849,"9":32," ":true,"!":"image",":":8,";":32,"<":false,"=":false,">":null,"?":32,"@":true,"A":1,",":[1,1,1],"-":0,"B":null,".":106493784,"C":0,"D":null,"/":1155.056,"E":[-61.999,0,-62.001,-169.099],"F":[0.5,0.5],"G":[0,0,0,1],"H":0,"I":[0,0,0,1],"J":[0,0],"K":null,"L":false,"M":false,"N":"stretch","O":false,"P":false,"+":[4],"Q":false}},"___1":[15,141,144]},"! >":{"$":"BorderWarningRight","(":[]," ":true,"&":"! >","%":"! #",")":[],"'":{"3":{"0":134.84,"1":null,"2":[0,0,1,1],"4":[1,0.5,1,0.5],"5":[1,0.5],"6":"","7":null,"8":108095849,"9":32," ":true,"!":"image",":":8,";":32,"<":false,"=":false,">":null,"?":32,"@":true,"A":1,",":[1,1,1],"-":0,"B":null,".":106493784,"C":0,"D":null,"/":1129.27,"E":[-1191.266,701.294,61.996,-836.134],"F":[0.5,0.5],"G":[0,0,0,1],"H":0,"I":[0,0,0,1],"J":[0,0],"K":null,"L":false,"M":false,"N":"stretch","O":false,"P":false,"+":[4],"Q":false}},"___1":[147,150,153]},"! @":{"$":"BorderWarningLeft","(":[]," ":true,"&":"! @","%":"! #",")":[],"'":{"3":{"0":134.84,"1":null,"2":[0,0,1,1],"4":[0,0.5,0,0.5],"5":[0,0.5],"6":"","7":null,"8":108095849,"9":32," ":true,"!":"image",":":8,";":32,"<":false,"=":false,">":null,"?":32,"@":true,"A":1,",":[1,1,1],"-":0,"B":null,".":106493784,"C":0,"D":null,"/":1129.27,"E":[66.768,793.263,-1196.038,-928.103],"F":[0.5,0.5],"G":[0,0,0,1],"H":0,"I":[0,0,0,1],"J":[0,0],"K":null,"L":false,"M":false,"N":"stretch","O":false,"P":false,"+":[4],"Q":false}},"___1":[156,159,162]},"! X":{"$":"Pointer","(":[]," ":true,"&":"! X","%":"! -",")":[],"'":{"!7":{"0":1,"1":null," ":true,"!":"simple","/":1,",":[1,1,1],"-":0.683,"!8":false,"!9":false,".":105905525,"!:":0,"[":1,"+":[1008],"!;":50000,"!<":null,"!=":{}}},"___1":[165,0,168]},"! $":{"$":"ScreenUI","(":[]," ":false,"&":"! $","%":"! 3",")":["! N","! %","! *","! :","! 2"],"'":{"!?":{" ":true,"V":true,"!@":"blend","!A":1,"!B":[1080,1920],"!C":[1031,580],"Z":0},"S":{" ":true,"T":["skipLevel"],"U":{"#T":{" ":true,"R":{"!l":"! 2"}}}}},"!V":{"! $":"8283acd1-4bc9-4db2-8f5b-bf04e2abbe7c","! N":"ada09efe-9556-42e2-a2aa-507a916b499a","! %":"73fa7db0-3967-4c78-b599-4a1bffb6813d","! O":"110a0b63-6915-454d-88ed-960e411267ef","! P":"3bf770e8-eb7a-4572-a004-bb7f6ba4205f","! ;":"e00c78c0-035e-4802-95b3-9b21e8382ba9","! <":"6d7ad84c-ef5d-4f57-adf5-5b53c8ee5252","! :":"eb84dc62-4168-4bac-9886-150bfea9af77","! *":"9294842e-d80a-47a8-8fa5-29473163287e","! Q":"f5b56caa-67b3-4b2c-8071-69e231dca76a","! R":"038d9af6-f636-4541-a979-d067b6ed4546","! S":"a8731751-66bb-41da-9428-9c1aeb44a9a0","! 2":"bebedc53-56b9-41c6-8354-5bb5fce5a36f","! +":"db065476-5796-4cb8-b436-580c9fbea542","! T":"6a9c8f52-c7de-462b-b553-f57f3a3ac4f2","! U":"2354c07c-fabd-41d2-9908-f4f06867fca7"},"!W":110119420,"___2":0},"! N":{"$":"LevelCleared","(":[]," ":false,"&":"! N","%":"! $",")":[],"'":{"3":{"0":1196.32,"1":null,"2":[0,0,1,1],"4":[0,0,1,1],"5":[0.5,0.5],"6":"Level Cleared!","7":null,"8":108095849,"9":32," ":true,"!":"text",":":8,";":30,"<":false,"=":false,">":null,"?":32,"@":true,"A":1,",":[1,1,1],"-":1,"B":null,".":null,"C":0,"D":null,"/":2298.861,"E":[-633.871,-195.676,-633.879,-420.644],"F":[0.5,0.5],"G":[0,0,0,1],"H":0,"I":[0,0,0,1],"J":[0,0],"K":null,"L":false,"M":false,"N":"stretch","O":false,"P":false,"+":[4],"Q":false},"S":{" ":true,"T":["uiscaling"],"U":{"W":{" ":true,"R":{"X":1,"Y":1}}}}},"___1":[171,0,3]},"! %":{"$":"ProgressBar","(":[]," ":true,"&":"! %","%":"! $",")":["! O","! P","! ;","! <","! S"],"'":{"3":{"0":0.5,"1":null,"2":[0,0,1,1],"4":[0.5,0.5,0.5,0.5],"5":[0.5,0.5],"6":"","7":null,"8":108095849,"9":32," ":true,"!":"image",":":8,";":32,"<":false,"=":false,">":null,"?":32,"@":true,"A":1,",":[0.47843,0.58039,0.63137],"-":0.898,"B":null,".":null,"C":0,"D":null,"/":9.28,"E":[-4.64,252.949,-4.64,-253.449],"F":[0.5,0.5],"G":[0,0,0,1],"H":0,"I":[0,0,0,1],"J":[0,0],"K":null,"L":false,"M":false,"N":"stretch","O":false,"P":false,"+":[4],"Q":false},"S":{" ":true,"T":["uiscaling"],"U":{"W":{" ":true,"R":{"X":0.6,"Y":0.4}}}}},"___1":[174,0,177]},"! O":{"$":"ProgressBar","(":[]," ":true,"&":"! O","%":"! %",")":[],"'":{"3":{"0":1.23,"1":null,"2":[0,0,1,1],"4":[0.5,0.5,0.5,0.5],"5":[0.5,0.5],"6":"","7":null,"8":108095849,"9":32," ":true,"!":"image",":":8,";":32,"<":false,"=":false,">":null,"?":32,"@":true,"A":1,",":[1,1,1],"-":1,"B":null,".":null,"C":0,"D":null,"/":0.5,"E":[-5.143,-0.615,4.643,-0.615],"F":[0.5,0.5],"G":[0,0,0,1],"H":0,"I":[0,0,0,1],"J":[0,0],"K":null,"L":false,"M":false,"N":"stretch","O":false,"P":false,"+":[4],"Q":false}},"___1":[180,18,3]},"! P":{"$":"ProgressBar","(":[]," ":true,"&":"! P","%":"! %",")":[],"'":{"3":{"0":1.23,"1":null,"2":[0,0,1,1],"4":[0.5,0.5,0.5,0.5],"5":[0.5,0.5],"6":"","7":null,"8":108095849,"9":32," ":true,"!":"image",":":8,";":32,"<":false,"=":false,">":null,"?":32,"@":true,"A":1,",":[1,1,1],"-":1,"B":null,".":null,"C":0,"D":null,"/":0.5,"E":[4.643,-0.615,-5.143,-0.615],"F":[0.5,0.5],"G":[0,0,0,1],"H":0,"I":[0,0,0,1],"J":[0,0],"K":null,"L":false,"M":false,"N":"stretch","O":false,"P":false,"+":[4],"Q":false}},"___1":[183,18,3]},"! ;":{"$":"LevelText","(":[]," ":true,"&":"! ;","%":"! %",")":[],"'":{"3":{"0":32,"1":null,"2":[0,0,1,1],"4":[0.5,0.5,0.5,0.5],"5":[0.5,0.5],"6":"1","7":null,"8":108095849,"9":32," ":true,"!":"text",":":8,";":32,"<":false,"=":false,">":null,"?":32,"@":true,"A":1,",":[1,1,1],"-":1,"B":null,".":null,"C":0,"D":null,"/":12.192,"E":[-13.151,-18.16,0.959,-18.16],"F":[0.5,0.5],"G":[0,0,0,1],"H":0,"I":[0,0,0,1],"J":[0,0],"K":null,"L":true,"M":true,"N":"stretch","O":false,"P":false,"+":[4],"Q":false}},"___1":[186,0,21]},"! <":{"$":"NextLevelText","(":[]," ":true,"&":"! <","%":"! %",")":[],"'":{"3":{"0":36.32,"1":null,"2":[0,0,1,1],"4":[0.5,0.5,0.5,0.5],"5":[0.5,0.5],"6":"2","7":null,"8":108095849,"9":32," ":true,"!":"text",":":8,";":32,"<":false,"=":false,">":null,"?":32,"@":true,"A":1,",":[1,1,1],"-":1,"B":null,".":null,"C":0,"D":null,"/":20.768,"E":[-3.329,-18.16,-17.439,-18.16],"F":[0.5,0.5],"G":[0,0,0,1],"H":0,"I":[0,0,0,1],"J":[0,0],"K":null,"L":true,"M":true,"N":"stretch","O":false,"P":false,"+":[4],"Q":false}},"___1":[189,0,21]},"! :":{"$":"Pause","(":[]," ":true,"&":"! :","%":"! $",")":[],"'":{"3":{"0":64,"1":null,"2":[0,0,1,1],"4":[0,1,0,1],"5":[0.5,0.5],"6":"","7":null,"8":108095849,"9":32," ":true,"!":"image",":":8,";":32,"<":false,"=":false,">":null,"?":32,"@":true,"A":1,",":[1,1,1],"-":1,"B":null,".":108101941,"C":0,"D":null,"/":64,"E":[-55.872,-67.235,-8.128,3.235],"F":[0.5,0.5],"G":[0,0,0,1],"H":0,"I":[0,0,0,1],"J":[0,0],"K":null,"L":false,"M":false,"N":"stretch","O":true,"P":false,"+":[4],"Q":false},"!D":{" ":true,"!E":true,"!F":"! :","!G":[0,0,0,0],"!H":0,"!I":[1,1,1,1],"!J":[0.7098,0.7098,0.7098,1],"!K":[1,1,1,1],"!L":0,"!M":null,"!N":0,"!O":null,"!P":0,"!Q":null,"!R":0,"!S":null,"!T":null,"!U":null},"S":{" ":true,"T":["uiscaling","pauseButton"],"U":{"W":{" ":true,"R":{"X":0.6,"Y":0.4}},"#U":{" ":true,"R":{"#V":[108101941,110087805]}}}}},"___1":[192,0,195]},"! *":{"$":"PlayButton","(":[]," ":false,"&":"! *","%":"! $",")":["! R","! Q"],"'":{"3":{"0":902,"1":null,"2":[0,0,1,1],"4":[0,0,1,1],"5":[0.5,0.5],"6":"","7":null,"8":108095849,"9":32," ":true,"!":"image",":":8,";":32,"<":false,"=":false,">":null,"?":32,"@":true,"A":1,",":[1,1,1],"-":0.126,"B":null,".":null,"C":0,"D":null,"/":1706.197,"E":[-337.54,-161.001,-337.546,-160.999],"F":[0.5,0.5],"G":[0,0,0,1],"H":0,"I":[0,0,0,1],"J":[0,0],"K":null,"L":false,"M":false,"N":"stretch","O":true,"P":false,"+":[4],"Q":false},"!D":{" ":true,"!E":true,"!F":"! *","!G":[0,0,0,0],"!H":1,"!I":[1,1,1,0],"!J":[1,1,1,0],"!K":[1,1,1,0],"!L":0,"!M":null,"!N":0,"!O":null,"!P":0,"!Q":null,"!R":0,"!S":null,"!T":null,"!U":null}},"___1":[198,0,3]},"! Q":{"$":"Text","(":[]," ":true,"&":"! Q","%":"! *",")":[],"'":{"3":{"0":32,"1":null,"2":[0,0,1,1],"4":[0,0,1,1],"5":[0.5,0.5],"6":"TAP TO CONTINUE","7":null,"8":108095849,"9":32," ":true,"!":"text",":":8,";":32,"<":true,"=":true,">":null,"?":32,"@":true,"A":1,",":[1,1,1],"-":1,"B":null,".":null,"C":0,"D":null,"/":32,"E":[0,-125.579,0,125.579],"F":[0.5,0.5],"G":[0,0,0,1],"H":0,"I":[0,0,0,1],"J":[0,0],"K":null,"L":false,"M":false,"N":"stretch","O":false,"P":false,"+":[4],"Q":false},"S":{" ":true,"T":["uiscaling"],"U":{"W":{" ":true,"R":{"X":0.6,"Y":0.4}}}}},"___1":[201,0,3]},"! R":{"$":"TextShadow","(":[]," ":true,"&":"! R","%":"! *",")":[],"'":{"3":{"0":902,"1":null,"2":[0,0,1,1],"4":[0,0,1,1],"5":[0.5,0.5],"6":"TAP TO CONTINUE","7":null,"8":108095849,"9":32," ":true,"!":"text",":":8,";":32,"<":true,"=":true,">":null,"?":32,"@":true,"A":1,",":[0,0,0],"-":0.694,"B":null,".":null,"C":0,"D":null,"/":1706.197,"E":[3.255,-127.489,-3.255,127.489],"F":[0.5,0.5],"G":[0,0,0,1],"H":0,"I":[0,0,0,1],"J":[0,0],"K":null,"L":false,"M":false,"N":"stretch","O":false,"P":false,"+":[4],"Q":false},"S":{" ":true,"T":["uiscaling"],"U":{"W":{" ":true,"R":{"X":0.6,"Y":0.4}}}}},"___1":[204,0,3]},"! S":{"$":"ProgressFill","(":[]," ":true,"&":"! S","%":"! %",")":[],"'":{"3":{"0":0.5,"1":null,"2":[0,0,1,1],"4":[0,0.5,0,0.5],"5":[0,0.5],"6":"","7":null,"8":108095849,"9":32," ":true,"!":"image",":":8,";":32,"<":false,"=":false,">":null,"?":32,"@":true,"A":1,",":[1,1,1],"-":1,"B":null,".":null,"C":0,"D":null,"/":9.288,"E":[-0.024,-0.25,-9.264,-0.25],"F":[0.5,0.5],"G":[0,0,0,1],"H":0,"I":[0,0,0,1],"J":[0,0],"K":null,"L":false,"M":false,"N":"stretch","O":false,"P":false,"+":[4],"Q":false},"S":{" ":true,"T":["uiscaling","progressBar"],"U":{"W":{" ":false,"R":{"X":0.6,"Y":0.4}},"#W":{" ":true,"R":{"#X":"! ;","!l":"! <"}}}}},"___1":[207,0,210]},"! 2":{"$":"SkipButton","(":[]," ":false,"&":"! 2","%":"! $",")":["! +"],"'":{"3":{"0":32,"1":null,"2":[0,0,1,1],"4":[1,0,1,0],"5":[1,1],"6":"","7":null,"8":108095849,"9":32," ":true,"!":"text",":":8,";":32,"<":false,"=":false,">":null,"?":32,"@":true,"A":1,",":[1,1,1],"-":1,"B":null,".":null,"C":0,"D":null,"/":32,"E":[46.862,508.564,-78.862,-540.564],"F":[0.5,0.5],"G":[0,0,0,1],"H":0,"I":[0,0,0,1],"J":[0,0],"K":null,"L":false,"M":false,"N":"stretch","O":false,"P":false,"+":[4],"Q":false},"S":{" ":true,"T":["uiscaling"],"U":{"W":{" ":true,"R":{"X":0.7,"Y":0.3}}}}},"___1":[213,0,216]},"! +":{"$":"Button","(":[]," ":true,"&":"! +","%":"! 2",")":["! T","! U"],"'":{"3":{"0":52.365,"1":null,"2":[0,0,1,1],"4":[1,0.76204,1,0.76204],"5":[1,0.5],"6":"","7":null,"8":108095849,"9":32," ":true,"!":"image",":":8,";":32,"<":false,"=":false,">":null,"?":32,"@":true,"A":1,",":[1,1,1],"-":1,"B":null,".":106813227,"C":0,"D":2.43,"/":76.91,"E":[-67.436,-22.375,-9.474,-22.375],"F":[0.5,0.5],"G":[0,0,0,1],"H":0,"I":[0,0,0,1],"J":[0,0],"K":null,"L":false,"M":false,"N":"stretch","O":true,"P":false,"+":[4],"Q":false},"!D":{" ":true,"!E":true,"!F":"! +","!G":[0,0,0,0],"!H":0,"!I":[1,1,1,1],"!J":[1,1,1,1],"!K":[1,1,1,1],"!L":0,"!M":null,"!N":0,"!O":null,"!P":0,"!Q":null,"!R":0,"!S":null,"!T":null,"!U":null},"S":{" ":true,"T":["loadSceneOnButtonClick"],"U":{"!j":{" ":true,"R":{"!k":"Skip"}}}}},"___1":[219,0,12]},"! T":{"$":"Image","(":[]," ":true,"&":"! T","%":"! +",")":[],"'":{"3":{"0":64,"1":null,"2":[0,0,1,1],"4":[0.5,0.5,0.5,0.5],"5":[0.5,0.5],"6":"","7":null,"8":108095849,"9":32," ":true,"!":"image",":":8,";":32,"<":false,"=":false,">":null,"?":32,"@":true,"A":1,",":[0.36863,0.58824,0.70588],"-":1,"B":null,".":113893187,"C":0,"D":null,"/":64,"E":[-45.275,-23.702,-18.725,-40.298],"F":[0.5,0.5],"G":[0,0,0,1],"H":0,"I":[0,0,0,1],"J":[0,0],"K":null,"L":false,"M":false,"N":"stretch","O":false,"P":false,"+":[4],"Q":false}},"___1":[222,0,225]},"! U":{"$":"PlayText","(":[]," ":true,"&":"! U","%":"! +",")":[],"'":{"3":{"0":32,"1":null,"2":[0,0,1,1],"4":[1,0.5,1,0.5],"5":[1,0.5],"6":"Skip?","7":null,"8":108095849,"9":32," ":true,"!":"text",":":8,";":19.4,"<":true,"=":true,">":null,"?":32,"@":true,"A":1,",":[0.36863,0.58824,0.70588],"-":1,"B":null,".":null,"C":0,"D":null,"/":32,"E":[-58.302,-30.448,26.302,-1.552],"F":[0.5,0.5],"G":[0,0,0,1],"H":0,"I":[0,0,0,1],"J":[0,0],"K":null,"L":false,"M":false,"N":"stretch","O":false,"P":false,"+":[4],"Q":false}},"___1":[228,0,231]}},"created":"2022-10-27T03:40:36.862Z","checkpoint_id":"4a95b632-c9ab-4193-9584-4e1044648c0f","id":1573175,"compressedFormat":{"fieldFirstCode":32,"fieldCodeBase":95,"fieldArray":["enabled","type",1,"keys","name","parent","resource_id","components","tags","children","betweenCurves","layers","color","opacity","spriteAsset","width","height","batchGroupId","rect","element","anchor","pivot","text","key","fontAsset","fontSize","minFontSize","maxFontSize","autoFitWidth","autoFitHeight","maxLines","lineHeight","wrapLines","spacing","textureAsset","spriteFrame","pixelsPerUnit","margin","alignment","outlineColor","outlineThickness","shadowColor","shadowOffset","materialAsset","autoWidth","autoHeight","fitMode","useInput","mask","enableMarkup","attributes","script","order","scripts","screenSpace","uiscaling","landScapeScaleMultiplier","portraitScaleMultiplier","priority","speed",1,"particlesystem","autoPlay","numParticles","lifetime","rate","rate2","startAngle","startAngle2","loop","preWarm","lighting","halfLambert","intensity","depthWrite","depthSoftening","sort","blendType","stretch","alignToMotion","emitterShape","emitterExtents","emitterExtentsInner","orientation","particleNormal","emitterRadius","emitterRadiusInner","initialVelocity","animTilesX","animTilesY","animStartFrame","animNumFrames","animNumAnimations","animIndex","randomizeAnimIndex","animSpeed","animLoop",1,"wrap","wrapBounds","colorMapAsset","normalMapAsset","mesh","renderAsset","localSpace","localVelocityGraph","localVelocityGraph2","velocityGraph","velocityGraph2","rotationSpeedGraph","rotationSpeedGraph2","radialSpeedGraph","radialSpeedGraph2","scaleGraph","scaleGraph2","colorGraph","alphaGraph","alphaGraph2","sprite","flipX","flipY","frame","drawOrder","autoPlayClip","clips","camera","screen","scaleMode","scaleBlend","resolution","referenceResolution","button","active","imageEntity","hitPadding","transitionMode","hoverTint","pressedTint","inactiveTint","fadeDuration","hoverSpriteAsset","hoverSpriteFrame","pressedSpriteAsset","pressedSpriteFrame","inactiveSpriteAsset","inactiveSpriteFrame","hoverTextureAsset","pressedTextureAsset","inactiveTextureAsset","template_ent_ids","template_id","clearColorBuffer","clearColor","clearDepthBuffer","projection",1,"fov","frustumCulling","orthoHeight","nearClip","farClip","sausageTemplate","renderCameraToelement","elementTags","renderResolution","renderOnce","forcedResolution","fixedCameraSize","skinsButton","loadSceneOnButtonClick","sceneName","nextLevel","gameManager","menu","winParticles","winText","shop","test","skinList","fps","levelGenerator","uiTemplate","levelData","decks","themeManager","themes","pattern","background","gradient1","gradient2",1,1,1,1,1,1,1,1,1,1,1,1,1,1,1,1,1,1,1,1,1,1,1,1,1,1,1,1,1,1,1,1,1,1,1,1,1,1,1,1,1,1,1,1,1,1,1,1,1,1,1,1,null,null,null,null,null,null,null,null,null,null,null,null,null,null,null,null,null,null,null,null,null,null,null,null,null,null,null,null,null,null,null,null,null,null,null,null,null,null,null,null,null,null,null,"saveManager","pokiManager",null,"pointerLock","pointer","sides","a8242061-0eb9-424c-9812-a4f86625990c","261d3d1f-68b8-46f5-8ab3-cfc60f469ba9","b952928e-a9d9-4eb5-87b1-8ba06671fe28","b20fb9b7-9687-4162-9300-46098380a65d","8818efea-32d2-4cd0-a4db-1886348207eb","d9cd9907-4099-4512-abe4-ca43892181db","c929e985-114e-44cc-a7b6-77e114ae5cb4","54724596-bbc3-4bd9-a7b7-3e493fe34029","d6c879ea-21f5-44f9-b9c5-7ff802c6e728","9a064ef6-e2bc-4373-a584-d50928cfad18","c2d8cc27-6d05-49df-8107-71f1e57d4af9","e778bb07-2b5b-45f4-92cc-8610baf58fa2","25108584-35e9-48df-89fd-d276fc1c1c4b","0ed0e5e3-4e50-4350-9408-268aed6e8e2d","9c8d29eb-d1e7-43fb-b80e-03a7b38c4223","0bc20f17-41ad-4a22-ae27-b5085ffbcb30","0add29fa-4e48-47ce-8c33-5ec9bd8d1813","282ac698-adc9-4d0f-825f-baa604b84b36","9f293661-05b7-46a1-b8bc-f95bed44e160","e7ea0411-0bd5-4859-9324-58c0287ca1fc","2c2fb985-b410-4d6e-b86f-f91a6cf2a978","09103254-0075-43b0-9448-71de54c5e036","475296dd-d5c7-4788-baf7-fed4bf566e08","121e9ce1-f903-4a24-8c37-f26290dd3e4b","0840b7d7-0d4e-4f70-9d6f-b37b0bc94dde","setToscreenSize","cameraManager","target","offset","yOffset","xOffset","flashEntity","outline","verticalBounds","state","yLimts","xLimits","yLimits","parallax","horizontalSpeed","verticalSpeed","maskTransform","baseText","renderSceneDepthMap","renderSceneColorMap","disableAd","skipLevel","pauseButton","sprites","progressBar","curLevel"],"singleVecs":[0,0,0,1,1,1,16.55583,16.55583,16.55583,582.22222,327.5,0,1.27223,1.27223,1.0738,515.529,0,0,-1.15,0,0,0.06839,0.06839,0.06839,-480.90707,-555.25616,-544.51556,0,0,10,-0.33,0.33,0,1.017,0.00229,-500.04999,-0.59802,-6.98696,0,0,0,-8,1,4,1,4.87936,-11.70651,0,-11.22719,-21.25465,0,0,0,4.77,3,3,3,-37.83852,-21.62524,-10,-1.21713,-1.27915,0,10.0127,3.46652,0,-12.62577,-3.95637,0,-1.21713,-8.9465,0,3.17081,11.10476,0,12.38548,-10.96162,0,-4.56368,0.87746,0,0,0.72698,-2.315,0,5.515,0,0.2639,0.2639,0.2639,-0.189,1.76,0,0.046,0.046,0.046,-38.156,1.76,0,0,0,-24.05,0.04638,0.04638,0.05045,-32.77197,-14.62601,0,0,0,24.05,-90.05309,-149.7296,-10,1.60565,1.60565,1.60565,140,3.295,0,1.41766,1.41766,1.41766,-13.27539,0,0,0.32406,0.32406,0.32406,-64.45837,39.03146,0,24924.71905,24924.71905,24924.71905,0,201.35102,0,1.56,1,1,0,0,180,1.46,1,1,-61.99598,768.71435,0,0,0,90,1.44,1,1,66.76798,860.68318,0,0,0,-90,1.6,1,1,0,0,-10,0.74377,0.74377,0.74377,515.56,402.484,-54451.556,0,253.19901,0,16.86856,16.86856,16.86856,-4.89345,0,0,4.893,0,0,-7.055,0,0,7.055,0,0,-23.872,-35.235,0,0.53325,0.53325,0.0016,515.559,289.999,0,853.09857,325.4207,0,856.35358,323.5107,0,-0.02364,0,0,1,0.993,9.84263,78.862,540.564,0,0.84293,0.84293,0.84293,9.474,0,0,-13.27499,8.29752,0,0.52544,0.52544,0.52544,-26.30199,-14.44812,0,1.46387,1.20964,1.20964],"tripleVecs":[0,0,3]}}